OutPredict,Inferelator,GRNBoost2,Genie3,PIDC,LEAP,SCODE,SCRIBE,SINCERITIES,PPCOR
0.969817457556984,0.961958301585162,1.1153565545508028,1.167369965180247,1.1198294700618183,0.9785623028540958,1.299408068447055,1.2119405034684516,0.9640390133529616,0.9337262980824482
1.1778393405380154,0.9731098155740272,1.2972125045369756,1.2115806550282893,1.1302349316481706,1.020562952878529,1.272760836180881,1.2734585657483062,1.0298399531037281,0.937684409940148
1.0826634552365202,0.8606925398261148,1.1601606411704029,1.1311523114906394,1.073178261912856,0.9065331534941999,1.6390228878671649,1.271541672438515,0.994948382597138,0.9186794593412134
0.9628984577717457,0.947329773092145,0.9975629506789846,0.993422895952958,1.0080652841041111,0.9191397206374291,1.3345458212848094,1.1065438507903251,1.0590127737852055,0.9477112199653278
0.9791425155346783,1.0274667807327453,1.0049645643547624,1.0439627192881609,1.0767506288418347,0.9645407092835064,1.3081373467904869,1.1560176370584823,0.9893870624292547,0.952558029243486
